"gap","timeEff","durEff","diamonds","totalBlocks","complete","completeEff"
0,25.1161168209508,0.801387044414933,162,32586,1,0.155037758154017
1,44.0721351613966,0.456384253197002,143,16381,0.882716049382716,0.272050217045658
2,60.7244110835026,0.330370824394729,130,10780,0.802469135802469,0.374842043725324
3,74.5316318218843,0.268924302788845,122,8235,0.753086419753086,0.460071801369656
4,67.1379624409073,0.297878254424164,86,6430,0.530864197530864,0.414431866919181
5,72.5684528809004,0.276024108693431,78,5404,0.481481481481481,0.447953412845064
6,87.8816189988246,0.228124538881511,81,4638,0.5,0.542479129622374
7,83.4156813302893,0.241504569955472,68,4122,0.419753086419753,0.514911613149934
8,107.673483656703,0.187664924716718,77,3627,0.475308641975309,0.664651133683354
9,57.2402044293015,0.350597609561753,35,3080,0.216049382716049,0.353334595242602
10,69.8108047634438,0.289100010215548,39,2830,0.240740740740741,0.430930893601505
11,69.7655640190563,0.284639220894201,36,2572,0.222222222222222,0.430651629747261
12,63.1999515709183,0.3179008105509,29,2314,0.179012345679012,0.390123157845175
13,116.840966462315,0.171757414785303,54,2328,0.333333333333333,0.721240533717995
14,68.089705485004,0.292117245304496,28,2053,0.172839506172839,0.420306823981506
15,49.6534602255095,0.40796812749004,20,2048,0.123456790123457,0.306502840898207
16,82.8867452661665,0.247561478225031,29,1802,0.179012345679012,0.511646575717077
17,121.832096296581,0.164342629482072,44,1815,0.271604938271605,0.75204997713939
18,75.2556237218814,0.267278711241989,23,1543,0.141975308641975,0.464540887172107
19,10.1242090461683,2.02788844621514,3,1527,0.0185185185185185,0.0624951175689399
20,45.674928632924,0.437108708025043,14,1536,0.0864197530864197,0.281944003906938
0,22.9243127654173,0.877140088295467,148,32584,1,0.154894005171739
1,38.5508314129308,0.521370517928287,125,16358,0.844594594594595,0.260478590627911
2,56.9413473007312,0.351707922408726,122,10770,0.824324324324324,0.384738833113049
3,65.5704218159534,0.305953755073165,107,8217,0.722972972972973,0.443043390648334
4,66.331396861181,0.301335833138036,85,6429,0.574324324324324,0.448185113926898
5,68.1827026606302,0.294438683621678,73,5395,0.493243243243243,0.46069393689615
6,73.3532023599538,0.275197716596301,67,4628,0.452702702702703,0.495629745675363
7,50.561797752809,0.3981148576426,41,4097,0.277027027027027,0.341633768600061
8,45.4662062160829,0.446090637450199,32,3583,0.216216216216216,0.307204096054614
9,73.6983372381321,0.273483842408145,45,3089,0.304054054054054,0.497961738095487
10,83.532867616203,0.240569636348224,47,2838,0.317567567567568,0.564411267677047
11,74.7398038626492,0.26965820926819,38,2572,0.256756756756757,0.50499867474763
12,81.6107382550336,0.24344726357727,38,2322,0.256756756756757,0.551423907128605
13,44.3349753694581,0.458366533864542,20,2301,0.135135135135135,0.299560644388231
14,76.8974033776117,0.256723107569721,32,2062,0.216216216216216,0.519577049848727
15,66.9098919253803,0.302936402537996,27,2053,0.182432432432432,0.452093864360678
16,36.8402408784981,0.548881397486975,13,1791,0.0878378378378378,0.248920546476338
17,46.2539147193447,0.445717131474104,16,1790,0.108108108108108,0.312526450806383
18,112.716375184506,0.176892430278884,35,1554,0.236486486486486,0.76159712962504
19,90.5253704535249,0.219977233921457,28,1546,0.189189189189189,0.611657908469763
20,45.5593220338983,0.436824132043256,14,1535,0.0945945945945946,0.307833256985799
0,18.254114434922,1.1090339496714,117,32569,1,0.156018072093351
1,29.5191486056086,0.685175089117215,95,16338,0.811965811965812,0.252300415432552
2,45.2095651718905,0.446630146082337,96,10762,0.82051282051282,0.386406539930688
3,49.1971301674069,0.40851593625498,80,8203,0.683760683760684,0.420488292029119
4,42.042174382478,0.481320003006841,53,6403,0.452991452991453,0.359334823781863
5,58.1378690595575,0.346613545816733,62,5394,0.52991452991453,0.496904863756901
6,55.9261628438271,0.360753066166706,51,4618,0.435897435897436,0.478001391827582
7,65.7434180490032,0.303452855245684,54,4113,0.461538461538462,0.561909555974386
8,59.349976448422,0.341206602162777,42,3597,0.358974358974359,0.507264755969419
9,34.917555771096,0.582242458736483,21,3069,0.179487179487179,0.298440647616205
10,25.6130097827468,0.797951052931133,14,2804,0.11965811965812,0.21891461352775
11,55.3253382365048,0.365253272623791,28,2567,0.239316239316239,0.472866138773546
12,15.6061309800279,1.30506545247581,7,2293,0.0598290598290598,0.133385734872033
13,30.9525271755819,0.654240182128628,14,2299,0.11965811965812,0.264551514321213
14,69.510050684412,0.293113261240751,28,2060,0.239316239316239,0.594102997302666
15,43.6996324645109,0.453297919433378,18,2048,0.153846153846154,0.373501132175307
16,5.74781463297809,3.54183266932271,2,1778,0.0170940170940171,0.0491266207946845
17,62.9120660894432,0.325787758058674,22,1799,0.188034188034188,0.537709966576437
18,35.8371040723982,0.555595798623687,11,1534,0.094017094017094,0.306300034806822
19,16.7371797852062,1.21832669322709,5,1529,0.0427350427350427,0.143052818676976
20,45.9476707083599,0.437677859988617,14,1538,0.11965811965812,0.392715134259487
0,22.7278284742522,0.9137534369564,142,32568,1,0.160055130100368
1,41.9428581515839,0.494144633586865,132,16372,0.929577464788732,0.295372240504112
2,57.840229754246,0.357602921646746,120,10771,0.845070422535211,0.407325561649619
3,76.6719620131627,0.26908758408987,122,8240,0.859154929577465,0.539943394458892
4,59.9217238742184,0.345429094433079,74,6416,0.52112676056338,0.4219839709452
5,82.1536134587573,0.250671731677939,86,5411,0.605633802816901,0.578546573653221
6,64.3219860823773,0.322639267491438,57,4616,0.401408450704225,0.452971732974488
7,96.8265888886948,0.213949397216329,77,4135,0.542253521126761,0.681877386540105
8,107.206670637284,0.192297476759628,75,3620,0.528169014084507,0.754976553783691
9,45.7551721703109,0.453297919433378,27,3072,0.190140845070423,0.322219522326133
10,84.8686739269699,0.245106530400139,46,2830,0.323943661971831,0.597666717795563
11,90.5584437363743,0.228419654714475,45,2580,0.316901408450704,0.637735519270242
12,42.8021651387629,0.483120150975047,19,2304,0.133802816901408,0.301423698160302
13,53.588041927681,0.382470119521912,24,2304,0.169014084507042,0.3773805769555
14,85.8014089937261,0.241738926646356,34,2063,0.23943661971831,0.604235274603705
15,92.7156927574566,0.222569182728545,37,2067,0.26056338028169,0.652927413784905
16,20.8212839791787,1.01479795105293,7,1783,0.0492957746478873,0.146628760416752
17,133.274314916905,0.157283907846873,46,1816,0.323943661971831,0.938551513499329
18,59.8531381332841,0.341301460823373,18,1542,0.126760563380282,0.421500972769606
19,13.5599604501154,1.52091633466135,4,1527,0.028169014084507,0.0954926792261645
20,96.4300558814021,0.212254430553647,29,1545,0.204225352112676,0.679084900573254
0,18.6569984258158,1.08120849933599,120,32566,1,0.155474986881798
1,31.8756608525966,0.632228368081074,103,16345,0.858333333333333,0.265630507104971
2,45.0172917982819,0.44613213811421,96,10750,0.8,0.375144098319016
3,55.2891588880736,0.363346613545817,90,8208,0.75,0.460742990733946
4,62.2905578553124,0.323667355892884,79,6418,0.658333333333333,0.519087982127604
5,44.2150650029398,0.455963380520471,47,5379,0.391666666666667,0.368458875024499
6,61.2551843580511,0.32875640295959,56,4621,0.466666666666667,0.510459869650426
7,53.6385493210525,0.371604491126403,44,4104,0.366666666666667,0.44698791100877
8,18.5243825205826,1.09316579834508,13,3567,0.108333333333333,0.154369854338189
9,50.7965407373691,0.395578974424881,31,3078,0.258333333333333,0.423304506144743
10,76.4368951214695,0.262762901880849,43,2836,0.358333333333333,0.636974126012246
11,37.1436329079555,0.536590480184525,19,2559,0.158333333333333,0.309530274232962
12,87.378640776699,0.225828393742105,41,2324,0.341666666666667,0.728155339805825
13,65.4109381624372,0.307038512616202,30,2312,0.25,0.545091151353643
14,91.7443498088659,0.216292723841476,38,2063,0.316666666666667,0.764536248407216
15,60.538795277974,0.327171314741036,25,2053,0.208333333333333,0.504489960649783
16,31.0868626604388,0.646504889532778,11,1785,0.0916666666666667,0.25905718883699
17,31.9612590799031,0.647229264759145,11,1787,0.0916666666666667,0.26634382566586
18,115.69362613819,0.171978751660027,36,1554,0.3,0.96411355115158
19,62.2214136268535,0.323338226043196,19,1542,0.158333333333333,0.518511780223779
20,50.4413619167718,0.40796812749004,15,1536,0.125,0.420344682639765
0,28.2750672301191,0.705698943357007,184,32592,1,0.153668843641952
1,50.9038567376487,0.391249373762435,167,16400,0.907608695652174,0.276651395313308
2,73.8357411134327,0.26902390438247,160,10804,0.869565217391304,0.401281201703439
3,89.0381771238062,0.22229998923226,148,8258,0.804347826086957,0.483903136542425
4,76.3987138263666,0.259245844903215,99,6442,0.53804347826087,0.415210401230253
5,99.1027732463295,0.200236092666372,108,5428,0.58695652173913,0.538602028512661
6,74.9743391398777,0.263460443938532,70,4629,0.380434782608696,0.407469234455857
7,81.6796478157806,0.245109115775703,67,4122,0.364130434782609,0.44391112943359
8,85.4190585533869,0.231911065415756,62,3609,0.33695652173913,0.464234013877103
9,91.4234796168412,0.216816942755295,57,3102,0.309782608695652,0.49686673704805
10,52.8802604842461,0.373970783532536,30,2816,0.16304347826087,0.287392720023077
11,125.980911983033,0.156947965712906,66,2600,0.358695652173913,0.684678869473005
12,67.1682214866085,0.297134044467292,31,2312,0.168478260869565,0.365044681992437
13,30.3504757316633,0.653955606146841,14,2298,0.0760869565217391,0.164948237672083
14,83.5156094651024,0.23494593056346,35,2064,0.190217391304348,0.453889181875557
15,60.9467054919753,0.327330677290837,25,2054,0.135869565217391,0.331232095065083
16,102.594870256487,0.190186621933319,38,1814,0.206521739130435,0.557580816611343
17,99.5506394745939,0.200088534749889,36,1808,0.195652173913043,0.541036084101054
18,52.7907616167171,0.382470119521912,16,1536,0.0869565217391304,0.286906313134332
19,97.8818576503092,0.199717259992289,31,1554,0.168478260869565,0.531966617664724
20,87.8661087866109,0.220688673875925,28,1551,0.152173913043478,0.477533199927233
0,23.1607717666565,0.87173453835664,149,32602,1,0.155441421252728
1,34.6707482759214,0.581780022766079,112,16355,0.751677852348993,0.232689585744439
2,48.8383924029167,0.411929206251915,104,10753,0.697986577181208,0.327774445657159
3,58.8942000460111,0.340844953519256,96,8213,0.644295302013423,0.395263087557121
4,65.2865024307642,0.308308932942927,83,6423,0.557046979865772,0.438164445844055
5,56.1075394506137,0.357370517928287,60,5382,0.402684563758389,0.376560667453783
6,71.2636093698449,0.279729566582156,66,4634,0.442953020134228,0.478279257515738
7,62.261559591027,0.32114678540739,51,4111,0.342281879194631,0.417862816047161
8,67.2687636250389,0.297974767596282,48,3590,0.322147651006711,0.451468212248583
9,49.4109573372984,0.408100929614874,30,3073,0.201342281879195,0.331617163337573
10,72.6520968694625,0.274900398406374,41,2829,0.275167785234899,0.487597965566862
11,71.9397261753666,0.276730914181113,37,2570,0.248322147651007,0.482816954197091
12,52.4224130085247,0.383134130146082,24,2308,0.161073825503356,0.351828275224998
13,51.5021459227468,0.382802124833997,24,2306,0.161073825503356,0.345651986058703
14,41.7149478563152,0.479493789547692,17,2046,0.114093959731544,0.279966092995404
15,17.6014528183279,1.15993170176437,7,2038,0.0469798657718121,0.118130555827704
16,28.4214265977184,0.71195219123506,10,1787,0.0671140939597315,0.190747829514889
17,81.7637153933508,0.247286715208133,29,1800,0.194630872483221,0.54874976774061
18,53.3778148457048,0.383217131474104,16,1539,0.10738255033557,0.358240368091978
19,49.5526496902959,0.408233731739708,15,1537,0.100671140939597,0.332568118726818
20,29.6812019054599,0.677733510402833,9,1531,0.0604026845637584,0.19920269735208
0,16.729761307166,1.22378410884763,106,32560,1,0.157827936860057
1,28.3122738950349,0.722886232846392,90,16330,0.849056603773585,0.267096923538065
2,39.1485975731052,0.521232144592362,82,10728,0.773584905660377,0.369326392199106
3,45.5794996314443,0.44714293510888,73,8193,0.688679245283019,0.429995279541927
4,42.4070678446408,0.481169660978727,53,6401,0.5,0.40006667777963
5,48.6325408913317,0.419889071166315,51,5375,0.481132075471698,0.458797555578601
6,49.8899034537979,0.408233731739708,45,4611,0.424528301886792,0.470659466545264
7,30.1781348236116,0.677622841965472,24,4082,0.226415094339623,0.284699385128411
8,47.3948775233384,0.432331280936859,33,3581,0.311320754716981,0.44712148606923
9,48.3199111357956,0.42258551998901,29,3076,0.273584905660377,0.455848218262223
10,30.6674684305472,0.658307944691821,17,2809,0.160377358490566,0.289315739910823
11,24.3263789171383,0.846281540504648,12,2549,0.113207547169811,0.22949414072772
12,53.4124629080119,0.382470119521912,24,2304,0.226415094339623,0.503891159509546
13,44.904577772234,0.458565737051793,20,2302,0.188679245283019,0.423628092190887
14,27.3282495428039,0.739224918507787,11,2041,0.10377358490566,0.257813674932112
15,20.1539538138558,1.01543824701195,8,2039,0.0754716981132075,0.190131639753357
16,34.2137567813725,0.593293492695883,12,1787,0.113207547169811,0.322771290390307
17,74.6858168761221,0.275666564511186,26,1799,0.245283018867925,0.704583178076623
18,75.3549326538042,0.267278711241989,23,1543,0.216981132075472,0.710895591073624
19,26.8681780016793,0.76195219123506,8,1530,0.0754716981132075,0.253473377374333
20,40.3587443946188,0.50929614873838,12,1534,0.113207547169811,0.380742871647347
0,15.6778537380427,1.28460415762692,101,32566,1,0.155226274634086
1,26.285611204886,0.765455823763768,85,16331,0.841584158415842,0.260253576286
2,36.2277170787809,0.555285352098101,77,10732,0.762376237623762,0.358690268106742
3,42.3825692299817,0.473064264680409,69,8193,0.683168316831683,0.419629398316651
4,47.12658724964,0.425232403718459,60,6404,0.594059405940594,0.466599873758812
5,46.0316010594575,0.437271322871778,49,5378,0.485148514851485,0.455758426331262
6,33.0968542665829,0.610358565737052,30,4596,0.297029702970297,0.327691626401811
7,25.8311408753887,0.77499525706697,21,4085,0.207920792079208,0.255753870053353
8,39.3834612905116,0.509106431417188,28,3578,0.277227722772277,0.389935260302095
9,40.8775037471045,0.489402390438247,25,3071,0.247524752475248,0.404727759872322
10,34.1692476770906,0.589012371566366,19,2809,0.188118811881188,0.338309382941491
11,61.3962700115531,0.330420254466007,31,2571,0.306930693069307,0.607883861500525
12,10.8649725357639,1.82470119521912,5,2290,0.0495049504950495,0.107573985502613
13,35.381922049203,0.572958167330677,16,2301,0.158415841584158,0.350316059893099
14,58.211217786761,0.340803452855246,24,2053,0.237623762376238,0.57634869095803
15,50.9159482758621,0.389489660405995,21,2053,0.207920792079208,0.504118299761011
16,19.6629213483146,1.01536710301651,7,1784,0.0693069306930693,0.194682389587273
17,17.2813825106008,1.18459495351926,6,1784,0.0594059405940594,0.171102797134662
18,47.1336388291406,0.437677859988617,14,1538,0.138613861386139,0.466669691377629
19,61.6716256424128,0.323547913608723,19,1543,0.188118811881188,0.610610154875374
20,23.3452221038492,0.87080250426864,7,1530,0.0693069306930693,0.231140812909398
0,20.1418691949541,1.00688717996232,129,32602,1,0.156138520891117
1,29.5668712717213,0.685091214091004,95,16336,0.736434108527132,0.229200552493963
2,38.8375060848057,0.522058109027305,82,10745,0.635658914728682,0.301065938641905
3,41.655153357281,0.486709876910269,67,8185,0.51937984496124,0.322908165560318
4,47.7152987176513,0.425232403718459,60,6404,0.465116279069767,0.369886036570941
5,41.7699488423606,0.486599058312206,44,5374,0.341085271317829,0.323798053041555
6,27.840074240198,0.731792828685259,25,4592,0.193798449612403,0.215814528993783
7,46.0947503201024,0.440723592118014,37,4093,0.286821705426357,0.357323645892267
8,37.0634354953671,0.548574931045051,26,3580,0.201550387596899,0.287313453452458
9,36.8732250104753,0.555595798623687,22,3068,0.170542635658915,0.285838953569576
10,58.9183425496566,0.3406978148014,33,2822,0.255813953488372,0.456731337594237
11,24.0393979021174,0.847277556440903,12,2552,0.0930232558139535,0.18635192172184
12,33.2788956336856,0.61062416998672,15,2299,0.116279069767442,0.25797593514485
13,38.0904960477998,0.53925474572299,17,2301,0.131782945736434,0.295275163161239
14,36.7885001873488,0.543691899070385,15,2047,0.116279069767442,0.285182171994952
15,52.627915071354,0.388730791121229,21,2049,0.162790697674419,0.407968333886465
16,31.4285714285714,0.647953639985512,11,1789,0.0852713178294574,0.243632336655592
17,47.8667240233077,0.420670260135927,17,1795,0.131782945736434,0.371059876149672
18,63.1958239016954,0.322918850912141,19,1540,0.147286821705426,0.489890107765081
19,17.4443959877889,1.21832669322709,5,1529,0.0387596899224806,0.135227875874333
20,30.5056021090293,0.677733510402833,9,1531,0.0697674418604651,0.236477535728909
0,15.5229621261284,1.29705179282869,100,32556,1,0.155229621261284
1,26.3067400275103,0.765362081087415,85,16329,0.85,0.263067400275103
2,38.476577774302,0.521620833738218,82,10736,0.82,0.38476577774302
3,44.3900225204011,0.453297919433378,72,8192,0.72,0.443900225204011
4,35.4381090925,0.566002656042497,45,6393,0.45,0.354381090925
5,45.0035158996797,0.446215139442231,48,5376,0.48,0.450035158996797
6,58.6230813304786,0.341006344990409,54,4622,0.54,0.586230813304786
7,28.5753727222529,0.706911484496795,23,4081,0.23,0.285753727222529
8,32.5286295154098,0.618915641780703,23,3573,0.23,0.325286295154099
9,22.9341099381143,0.87080250426864,14,3060,0.14,0.229341099381143
10,40.8949473996148,0.486921877706565,23,2811,0.23,0.408949473996148
11,66.3109136712084,0.301148347785329,34,2570,0.34,0.663109136712084
12,72.1903199343724,0.279125920560184,33,2312,0.33,0.721903199343724
13,48.1576067128785,0.417240130387541,22,2304,0.22,0.481576067128785
14,34.080535551273,0.581673306772908,14,2044,0.14,0.34080535551273
15,51.9230769230769,0.388351356478847,21,2047,0.21,0.519230769230769
16,11.3256518148571,1.77390438247012,4,1781,0.04,0.113256518148571
17,14.3380595826032,1.4191235059761,5,1781,0.05,0.143380595826032
18,84.8864100122432,0.23735825927061,26,1549,0.26,0.848864100122432
19,39.0279158008854,0.50996015936255,12,1536,0.12,0.390279158008853
20,32.9338578355137,0.610358565737052,10,1532,0.1,0.329338578355137
0,17.8300431146698,1.10954472707461,117,32584,1,0.152393530894614
1,25.5327771961228,0.774568393094289,84,16331,0.717948717948718,0.218228864924126
2,38.3005723295028,0.515864253828061,83,10747,0.709401709401709,0.32735531905558
3,47.7329372372297,0.413384436935801,79,8197,0.675213675213675,0.407973822540425
4,33.4222145455723,0.591865097748541,43,6388,0.367521367521368,0.28565995338096
5,50.5469537801718,0.390293371966679,55,5388,0.47008547008547,0.432025245984374
6,22.7447086962408,0.871371656232214,21,4593,0.179487179487179,0.19439921962599
7,59.2065516546956,0.333604358077893,49,4103,0.418803418803419,0.506038903031586
8,69.9868488764366,0.281774861338958,51,3607,0.435897435897436,0.598178195525099
9,22.7549776513612,0.870233352305065,14,3058,0.11965811965812,0.194486988473173
10,17.5815588982223,1.11713147410359,10,2804,0.0854700854700855,0.15026973417284
11,84.3001596593933,0.233882651213328,44,2583,0.376068376068376,0.72051418512302
12,10.8361928842333,1.82549800796813,5,2291,0.0427350427350427,0.0926170331985756
13,12.960129601296,1.52191235059761,6,2292,0.0512820512820513,0.110770338472615
14,50.9519797809604,0.389489660405995,21,2053,0.179487179487179,0.435487006674875
15,58.2720712214204,0.339973439575033,24,2048,0.205128205128205,0.498051890781371
16,19.4474455934558,1.01479795105293,7,1783,0.0598290598290598,0.16621748370475
17,95.2165041940603,0.206374501992032,35,1813,0.299145299145299,0.813816275162909
18,38.5215569129252,0.509628154050465,12,1535,0.102564102564103,0.329244076178848
19,22.5553815171179,0.869095048377917,7,1527,0.0598290598290598,0.192781038607846
20,22.8136882129278,0.871371656232214,7,1531,0.0598290598290598,0.194988788144682
0,21.9386487158154,0.920431748184567,141,32575,1,0.155593253303655
1,38.6862161012031,0.521593625498008,125,16365,0.886524822695035,0.274370326958888
2,55.8041384161473,0.360574508687937,119,10770,0.843971631205674,0.395774031320193
3,69.9595141700405,0.287621444048368,114,8230,0.808510638297872,0.496166767163408
4,71.3562257000033,0.281467536447616,91,6429,0.645390070921986,0.506072522695059
5,79.820558434527,0.250579079032706,86,5409,0.609929078014184,0.566103251308702
6,67.362829721736,0.297648117208585,62,4632,0.439716312056738,0.477750565402383
7,72.3581113306534,0.278006617597407,59,4117,0.418439716312057,0.513178094543641
8,81.0905277874869,0.247836241241929,58,3608,0.411347517730496,0.575110126152389
9,57.458160426832,0.350369948776323,35,3078,0.24822695035461,0.407504683878241
10,126.797259480845,0.155869671996944,73,2856,0.517730496453901,0.899271343835782
11,53.3992583436341,0.377895824110964,27,2561,0.191489361702128,0.378718144281093
12,59.5405819295559,0.341153902906891,27,2312,0.191489361702128,0.42227363070607
13,60.78697421981,0.329254410927718,28,2314,0.198581560283688,0.431113292339078
14,95.429056924384,0.211053223005414,39,2066,0.276595744680851,0.676801822158752
15,39.265141961212,0.509711155378486,16,2047,0.113475177304965,0.278476184122071
16,51.4469453376206,0.397299690128375,18,1795,0.127659574468085,0.364871952749082
17,110.294117647059,0.180378486055777,40,1811,0.283687943262411,0.782227784730914
18,55.1127921113062,0.360674947269745,17,1539,0.120567375886525,0.390870866037633
19,48.9352061622111,0.408233731739708,15,1537,0.106382978723404,0.347058199731994
20,55.3045364178565,0.361143660651512,17,1541,0.120567375886525,0.392230754736571
0,22.6676301677252,0.871146287333886,149,32580,1,0.152131746092116
1,37.8116308576518,0.521625498007968,125,16366,0.838926174496644,0.253769334615113
2,56.4482716859906,0.348816117643248,123,10769,0.825503355704698,0.378847460979802
3,68.2924394079325,0.287691339903544,114,8232,0.76510067114094,0.458338519516326
4,68.98974735699,0.28481629039398,90,6434,0.604026845637584,0.463018438637517
5,57.8187936572681,0.340732308859799,63,5388,0.422818791946309,0.388045595015222
6,66.1588167294069,0.297326821745277,62,4627,0.416107382550336,0.444018904224207
7,73.0466021355154,0.26908758408987,61,4120,0.409395973154362,0.490245651916211
8,65.9781218380711,0.29855577689243,48,3597,0.322147651006711,0.442806186832692
9,76.8512341561041,0.256557104913679,48,3091,0.322147651006711,0.51578009500741
10,93.3493397358943,0.209679799321234,54,2842,0.36241610738255,0.626505635811371
11,38.8202943872324,0.509163346613546,20,2556,0.134228187919463,0.260538888504916
12,43.1771161284519,0.458764940239044,20,2303,0.134228187919463,0.289779302875516
13,49.027444710898,0.399965355967435,23,2309,0.154362416107383,0.329043253093275
14,79.4223826714802,0.248943619461548,33,2062,0.221476510067114,0.533036125311947
15,55.6133928871277,0.355620994283735,23,2053,0.154362416107383,0.373244247564615
16,86.1576468771713,0.231846806323095,31,1804,0.208053691275168,0.578239240786385
17,73.9923114984965,0.265751807584477,27,1801,0.181208053691275,0.496592694620782
18,45.0502793296089,0.43739328400683,14,1537,0.0939597315436242,0.302350867983953
19,67.6722015843888,0.29292354391956,21,1544,0.140939597315436,0.454175849559657
20,88.5219987705278,0.220261809903244,28,1548,0.187919463087248,0.594107374298844
